Workbook

Sheet 00_README
A1: Employee Policy Sign-off and Training Tracker — CGI-TRK-001
A2: SIMULATED CASE STUDY. Cypher Group Inc. is a simulated company. All names, IDs, dates and statuses are invented for a GRC portfolio case study.
A4: Purpose | B4: Evidence that every person has acknowledged the policy pack, enrolled in MFA and completed security training. A policy nobody has acknowledged gives no assurance.
A5: Owner | B5: Sofia Lindqvist, Head of People and Operations
A6: Approved by | B6: Jerry Olugboye, Chief Executive Officer
A7: Classification | B7: Confidential (contains employee records)
A8: Update cadence | B8: Weekly, and on every joiner, mover and leaver event
A9: Supports | B9: CGI-POL-001 §6.2 · CGI-POL-003 §4.3.5 · CGI-POL-002 §4.3.2
A10: Prepared by | B10: O.S — portfolio project 1
A12: SHEETS
A13: Tracker | B13: One row per person. Columns A–G are the core seven columns; H–N are optional governance columns. Dropdowns enforce permitted values.
A14: Summary | B14: Monthly compliance summary. Every number is a formula — do not type over grey cells. Set the "Data as at" date in the yellow cell.
A15: Lists | B15: Permitted values that feed the dropdowns. Add a value here and it becomes available in the Tracker.
A16: Escalation | B16: Escalation rules applied when sign-off, MFA or training is outstanding.
A17: Checklist | B17: Set-up and evidence-retention checklist.
A19: COLOUR LEGEND
A20: Yellow cell | B20: Input — type here
A21: Grey cell | B21: Formula — do not overwrite
A22: Green | B22: Compliant value (Signed / Verified / Yes, or target met)
A23: Amber | B23: In progress (Pending / Exception)
A24: Red | B24: Non-compliant (Not Started / Overdue / Not Enrolled / No, or below target)
A26: PUBLISHING
A27: GitHub | B27: Upload this .xlsx next to its .md file. GitHub cannot preview .xlsx, so link to it from the README as a download.
A28: Notion | B28: Import the matching .csv (Settings → Import → CSV) to get a sortable, filterable database.

Sheet Tracker
A1: Employee ID | B1: Name | C1: Department | D1: AUP Sign-off Status | E1: MFA Verification | F1: Training Completion (Yes/No) | G1: Last Updated | H1: Start Date | I1: AUP Sign-off Date | J1: Policy Pack Version Acknowledged | K1: MFA Factor Type | L1: Training Completion Date | M1: Next Annual Re-acknowledgement Due | N1: Line Manager
A2: CGI-014 | B2: Priya Raman | C2: Engineering | D2: Signed | E2: Verified | F2: Yes | G2: 46267 | H2: 44963 | I2: 46267 | J2: 1.0 | K2: Hardware Key | L2: 46267 | M2: =IF(A2="","",IF(ISNUMBER(I2),EDATE(I2,12),"Not Applicable")) -> 46632 | N2: Jerry Olugboye
A3: CGI-027 | B3: Tomas Whitfield | C3: IT Operations | D3: Signed | E3: Verified | F3: Yes | G3: 46267 | H3: 45425 | I3: 46267 | J3: 1.0 | K3: Hardware Key | L3: 46267 | M3: =IF(A3="","",IF(ISNUMBER(I3),EDATE(I3,12),"Not Applicable")) -> 46632 | N3: Priya Raman
A4: CGI-039 | B4: Amara Boateng | C4: Customer Success | D4: Signed | E4: Verified | F4: Yes | G4: 46269 | H4: 45600 | I4: 46269 | J4: 1.0 | K4: Authenticator App | L4: 46269 | M4: =IF(A4="","",IF(ISNUMBER(I4),EDATE(I4,12),"Not Applicable")) -> 46634 | N4: Jerry Olugboye
A5: CGI-045 | B5: Jonas Keller | C5: Finance | D5: Pending | E5: Verified | F5: No | G5: 46270 | H5: 45887 | I5: Not Applicable | J5: Not Applicable | K5: Authenticator App | L5: Not Applicable | M5: =IF(A5="","",IF(ISNUMBER(I5),EDATE(I5,12),"Not Applicable")) -> Not Applicable | N5: Jerry Olugboye
A6: CGI-050 | B6: Lena Fischer | C6: Sales | D6: Not Started | E6: Not Enrolled | F6: No | G6: 46270 | H6: 46280 | I6: Not Applicable | J6: Not Applicable | K6: Not Applicable | L6: Not Applicable | M6: =IF(A6="","",IF(ISNUMBER(I6),EDATE(I6,12),"Not Applicable")) -> Not Applicable | N6: Amara Boateng
M7: =IF(A7="","",IF(ISNUMBER(I7),EDATE(I7,12),"Not Applicable"))
M8: =IF(A8="","",IF(ISNUMBER(I8),EDATE(I8,12),"Not Applicable"))
M9: =IF(A9="","",IF(ISNUMBER(I9),EDATE(I9,12),"Not Applicable"))
M10: =IF(A10="","",IF(ISNUMBER(I10),EDATE(I10,12),"Not Applicable"))
M11: =IF(A11="","",IF(ISNUMBER(I11),EDATE(I11,12),"Not Applicable"))
M12: =IF(A12="","",IF(ISNUMBER(I12),EDATE(I12,12),"Not Applicable"))
M13: =IF(A13="","",IF(ISNUMBER(I13),EDATE(I13,12),"Not Applicable"))
M14: =IF(A14="","",IF(ISNUMBER(I14),EDATE(I14,12),"Not Applicable"))
M15: =IF(A15="","",IF(ISNUMBER(I15),EDATE(I15,12),"Not Applicable"))
M16: =IF(A16="","",IF(ISNUMBER(I16),EDATE(I16,12),"Not Applicable"))
M17: =IF(A17="","",IF(ISNUMBER(I17),EDATE(I17,12),"Not Applicable"))
M18: =IF(A18="","",IF(ISNUMBER(I18),EDATE(I18,12),"Not Applicable"))
... M51: =IF(A51="","",IF(ISNUMBER(I51),EDATE(I51,12),"Not Applicable"))

Sheet Summary
A1: Monthly compliance summary (reported to the CTO)
A3: Data as at | B3: 46270
A5: Metric | B5: Value | C5: Target | D5: Status
A6: Total personnel in scope | B6: =COUNTA(Tracker!$A$2:$A$51) -> 5 | C6: =B6 -> 5 | D6: =IF($B$6=0,"No data",IF(B6>=C6,"On track","Below target")) -> On track
A7: AUP signed | B7: =COUNTIF(Tracker!$D$2:$D$51,"Signed") -> 3 | C7: =B6 -> 5 | D7: =IF($B$6=0,"No data",IF(B7>=C7,"On track","Below target")) -> Below target
A8: AUP sign-off rate | B8: =IF(B6=0,0,B7/B6) -> 0.6 | C8: 1 | D8: =IF($B$6=0,"No data",IF(B8>=C8,"On track","Below target")) -> Below target
A9: MFA verified | B9: =COUNTIF(Tracker!$E$2:$E$51,"Verified") -> 4 | C9: =B6 -> 5 | D9: =IF($B$6=0,"No data",IF(B9>=C9,"On track","Below target")) -> Below target
A10: MFA coverage rate | B10: =IF(B6=0,0,B9/B6) -> 0.8 | C10: 1 | D10: =IF($B$6=0,"No data",IF(B10>=C10,"On track","Below target")) -> Below target
A11: Security training completed | B11: =COUNTIF(Tracker!$F$2:$F$51,"Yes") -> 3 | C11: =B6 -> 5 | D11: =IF($B$6=0,"No data",IF(B11>=C11,"On track","Below target")) -> Below target
A12: Training completion rate | B12: =IF(B6=0,0,B11/B6) -> 0.6 | C12: 1 | D12: =IF($B$6=0,"No data",IF(B12>=C12,"On track","Below target")) -> Below target
A13: Overdue beyond 10 business days | B13: =COUNTIF(Tracker!$D$2:$D$51,"Overdue") -> 0 | C13: 0 | D13: =IF($B$6=0,"No data",IF(B13<=C13,"On track","Above target")) -> On track
A14: Joiners pending activation (start date after "Data as at") | B14: =IF(B3="",0,COUNTIF(Tracker!$H$2:$H$51,">"&B3)) -> 1 | C14: Not applicable | D14: =IF(B14>0,"Expected","None") -> Expected
A16: Reading note: this example covers five illustrative personnel records, not the full 50-person population, so the percentages describe the sample.

Sheet Lists
A1: AUP Sign-off Status | B1: MFA Verification | C1: Training Completion | D1: MFA Factor Type
A2: Signed | B2: Verified | C2: Yes | D2: Hardware Key
A3: Pending | B3: Pending | C3: No | D3: Passkey
A4: Not Started | B4: Not Enrolled | D4: Authenticator App
A5: Overdue | B5: Exception | D5: Not Applicable
A6: Not Applicable

Sheet Escalation
A1: Condition | B1: Action | C1: Owner | D1: Timescale
A2: Sign-off outstanding at 5 business days | B2: Automated reminder to the individual | C2: Head of People and Operations | D2: Day 5
A3: Sign-off outstanding at 10 business days | B3: Escalate to line manager | C3: Head of People and Operations | D3: Day 10
A4: Sign-off outstanding at 15 business days | B4: Escalate to CTO; access to Confidential systems suspended | C4: Chief Technology Officer | D4: Day 15
A5: MFA not enrolled at 1 business day after account creation | B5: Access to Confidential and Restricted systems suspended | C5: IT Operations Manager | D5: Day 1
A6: Training outstanding at 10 business days from start date | B6: Escalate to line manager | C6: Head of People and Operations | D6: Day 10
A7: Leaver recorded | B7: Row archived, not deleted; retained 2 years as evidence | C7: Head of People and Operations | D7: Same day

Sheet Checklist
A1: # | B1: Set-up and evidence step | C1: Done?
A2: 1 | B2: Freeze the header row so it stays visible while scrolling (already set on the Tracker sheet). | C2: Yes
A3: 2 | B3: Keep dropdowns on the three status columns — free text in a status cell breaks every count on the Summary sheet. | C3: Yes
A4: 3 | B4: One fact per cell. Never write "Signed on 2 Sep by Priya" in a status cell; use the separate date column. | C4: Yes
A5: 4 | B5: Set the "Data as at" date on the Summary sheet every time the tracker is refreshed. | C5: Yes
A6: 5 | B6: Protect the workbook so only People and Operations can edit; share read-only with the CTO. | C6: Yes
A7: 6 | B7: Save a dated monthly snapshot (e.g. tracker_2026-09.xlsx). An auditor testing a period needs the position throughout that period. | C7: Yes
A8: 7 | B8: Retain signed acknowledgements, the tracker and monthly snapshots for at least two years. | C8: Yes
A9: 8 | B9: Archive leaver rows — never delete them. | C9: Yes
